Workbook

Sheet Final_Dashboard
B2: Metric | C2: Value
B3: Total Spend | C3: =SUM(Raw_Data!E3:E10) -> 26700
B4: Total Revenue | C4: =SUM(Raw_Data!H:H) -> 127000
B5: Total Profit | C5: =SUM(Analysis_Day2!C9) -> 100300
B6: Total Campaigns | C6: =Analysis_Day6!C4 -> 8

Sheet Pivot_Day4
I2: Row Labels | J2: Sum of Spend | K2: Sum of Revenue
B3: Row Labels | C3: Sum of Revenue | I3: Email | J3: 2200 | K3: 19000
B4: Email | C4: 19000 | I4: Google | J4: 18300 | K4: 73000
B5: Meta | C5: 35000 | I5: Meta | J5: 6200 | K5: 35000
B6: Google | C6: 73000 | I6: Grand Total | J6: 26700 | K6: 127000
B7: Grand Total | C7: 127000
J13: Row Labels | K13: Sum of Revenue
J14: Rahul | K14: 42000
J15: Neha | K15: 35000
J16: Ankit | K16: 31000
J17: Priya | K17: 19000
J18: Grand Total | K18: 127000

Sheet Analysis_Day6
B3: Metric | C3: Value
B4: Total Campaigns | C4: =COUNT(Raw_Data!B:B) -> 8
B5: Good Performance | C5: =COUNTIF(Raw_Data!M:M,"Good") -> 5
B6: Needs Improvement | C6: =COUNTIF(Raw_Data!M:M,"Needs Improvement") -> 3

Sheet Analysis_Day2
B2: Google Spend | C2: =SUMIF(Raw_Data!D:D,"Google",Raw_Data!E:E) -> 18300 | H2: Channel | I2: Spend | J2: Revenue | K2: Profit
B3: Google Revenue | C3: =SUMIF(Raw_Data!D:D,"Google",Raw_Data!H:H) -> 73000 | H3: Google | I3: =C2 -> 18300 | J3: =C3 -> 73000 | K3: =J3-I3 -> 54700
B4: Meta Spent | C4: =SUMIF(Raw_Data!D:D,"Meta",Raw_Data!E:E) -> 6200 | H4: Meta | I4: =C4 -> 6200 | J4: =C5 -> 35000 | K4: =J4-I4 -> 28800
B5: Meta Revenue | C5: =SUMIF(Raw_Data!D:D,"Meta",Raw_Data!H:H) -> 35000 | H5: Email | I5: =SUMIF(Raw_Data!D:D,"Email",Raw_Data!E:E) -> 2200 | J5: =C6 -> 19000 | K5: =J5-I5 -> 16800
B6: email Revenue | C6: =SUMIF(Raw_Data!D:D,"Email",Raw_Data!H:H) -> 19000
B7: Email Campaign Count | C7: =COUNTIF(Raw_Data!D:D,"Email") -> 2
B8: Cost per Converversion (CPC) | C8: =SUM(Raw_Data!E:E)/SUM(Raw_Data!G:G) -> 215.32258
B9: Total Profit | C9: =SUM(Raw_Data!H:H)-SUM(Raw_Data!E:E) -> 100300 | H9: Managers Revenue
B10: Revenue by channel | C10: =SUMIF(B:B,"Revenue",C:C) -> 0 | H10: Name | I10: Revenue
H11: Rahul | I11: =SUMIF(Raw_Data!J:J,"Rahul",Raw_Data!H:H) -> 42000
H12: Ankit | I12: =SUMIF(Raw_Data!J:J,"Ankit",Raw_Data!H:H) -> 31000
H13: Neha | I13: =SUMIF(Raw_Data!J:J,"Neha",Raw_Data!H:H) -> 35000
H14: Priya | I14: =SUMIF(Raw_Data!J:J,"Priya",Raw_Data!H:H) -> 19000

Sheet Raw_Data
B2: Date | C2: Campaign Name | D2: Channel | E2: Spend | F2: Leads | G2: Conversions | H2: Revenue | I2: Cost per lead | J2: Campaign Manager | K2: Objective | L2: Conversion Rate | M2: Performance | N2: CPC
B3: 45658 | C3: Brand_Search | D3: Google | E3: 5000 | F3: 120 | G3: 20 | H3: 20000 | I3: =E3/F3 -> 41.666667 | J3: =_xlfn.XLOOKUP(Raw_Data!C3,Campaign_Info!A:A,Campaign_Info!B:B) -> Rahul | K3: =_xlfn.XLOOKUP(Raw_Data!C3,Campaign_Info!A:A,Campaign_Info!C:C) -> Awareness | L3: =G3/F3 -> 0.16666667 | M3: =IF(L3>=15%,"Good","Needs improvement") -> Good | N3: =IF(G3=0,0,E3/G3) -> 250
B4: 45658 | C4: Product_Search | D4: Google | E4: 4000 | F4: 90 | G4: 12 | H4: 15000 | I4: =E4/F4 -> 44.444444 | J4: =_xlfn.XLOOKUP(Raw_Data!C4,Campaign_Info!A:A,Campaign_Info!B:B) -> Ankit | K4: =_xlfn.XLOOKUP(Raw_Data!C4,Campaign_Info!A:A,Campaign_Info!C:C) -> Conversions | L4: =G4/F4 -> 0.13333333 | M4: =IF(L4>=15%,"Good","Needs improvement") -> Needs improvement | N4: =IF(G4=0,0,E4/G4) -> 333.33333
B5: 45658 | C5: Retargeting_Ads | D5: Meta | E5: 3000 | F5: 110 | G5: 18 | H5: 18000 | I5: =E5/F5 -> 27.272727 | J5: =_xlfn.XLOOKUP(Raw_Data!C5,Campaign_Info!A:A,Campaign_Info!B:B) -> Neha | K5: =_xlfn.XLOOKUP(Raw_Data!C5,Campaign_Info!A:A,Campaign_Info!C:C) -> Retention | L5: =G5/F5 -> 0.16363636 | M5: =IF(L5>=15%,"Good","Needs improvement") -> Good | N5: =IF(G5=0,0,E5/G5) -> 166.66667
B6: 45659 | C6: Brand_Search | D6: Google | E6: 5200 | F6: 130 | G6: 22 | H6: 22000 | I6: =E6/F6 -> 40 | J6: =_xlfn.XLOOKUP(Raw_Data!C6,Campaign_Info!A:A,Campaign_Info!B:B) -> Rahul | K6: =_xlfn.XLOOKUP(Raw_Data!C6,Campaign_Info!A:A,Campaign_Info!C:C) -> Awareness | L6: =G6/F6 -> 0.16923077 | M6: =IF(L6>=15%,"Good","Needs improvement") -> Good | N6: =IF(G6=0,0,E6/G6) -> 236.36364
B7: 45659 | C7: Email_Blast | D7: Email | E7: 1000 | F7: 60 | G7: 10 | H7: 9000 | I7: =E7/F7 -> 16.666667 | J7: =_xlfn.XLOOKUP(Raw_Data!C7,Campaign_Info!A:A,Campaign_Info!B:B) -> Priya | K7: =_xlfn.XLOOKUP(Raw_Data!C7,Campaign_Info!A:A,Campaign_Info!C:C) -> Engagement | L7: =G7/F7 -> 0.16666667 | M7: =IF(L7>=15%,"Good","Needs improvement") -> Good | N7: =IF(G7=0,0,E7/G7) -> 100
B8: 45659 | C8: Retargeting_Ads | D8: Meta | E8: 3200 | F8: 115 | G8: 17 | H8: 17000 | I8: =E8/F8 -> 27.826087 | J8: =_xlfn.XLOOKUP(Raw_Data!C8,Campaign_Info!A:A,Campaign_Info!B:B) -> Neha | K8: =_xlfn.XLOOKUP(Raw_Data!C8,Campaign_Info!A:A,Campaign_Info!C:C) -> Retention | L8: =G8/F8 -> 0.14782609 | M8: =IF(L8>=15%,"Good","Needs improvement") -> Needs improvement | N8: =IF(G8=0,0,E8/G8) -> 188.23529
B9: 45660 | C9: Product_Search | D9: Google | E9: 4100 | F9: 95 | G9: 14 | H9: 16000 | I9: =E9/F9 -> 43.157895 | J9: =_xlfn.XLOOKUP(Raw_Data!C9,Campaign_Info!A:A,Campaign_Info!B:B) -> Ankit | K9: =_xlfn.XLOOKUP(Raw_Data!C9,Campaign_Info!A:A,Campaign_Info!C:C) -> Conversions | L9: =G9/F9 -> 0.14736842 | M9: =IF(L9>=15%,"Good","Needs improvement") -> Needs improvement | N9: =IF(G9=0,0,E9/G9) -> 292.85714
B10: 45660 | C10: Email_Blast | D10: Email | E10: 1200 | F10: 65 | G10: 11 | H10: 10000 | I10: =E10/F10 -> 18.461538 | J10: =_xlfn.XLOOKUP(Raw_Data!C10,Campaign_Info!A:A,Campaign_Info!B:B) -> Priya | K10: =_xlfn.XLOOKUP(Raw_Data!C10,Campaign_Info!A:A,Campaign_Info!C:C) -> Engagement | L10: =G10/F10 -> 0.16923077 | M10: =IF(L10>=15%,"Good","Needs improvement") -> Good | N10: =IF(G10=0,0,E10/G10) -> 109.09091

Sheet Campaign_Info
A1: Campaign Name | B1: Campaign Manager | C1: Objective
A2: Brand_Search | B2: Rahul | C2: Awareness
A3: Product_Search | B3: Ankit | C3: Conversions
A4: Retargeting_Ads | B4: Neha | C4: Retention
A5: Email_Blast | B5: Priya | C5: Engagement
